,SPY,IPO_INDEX
2020-07-06,0.46028894,0.53971106
2020-07-07,0.44335786,0.5566421
2020-07-08,0.42655262,0.57344735
2020-07-09,0.40989754,0.59010243
2020-07-10,0.3933258,0.6066742
2020-07-13,0.37688297,0.623117
2020-07-14,0.36063945,0.63936055
2020-07-15,0.3445197,0.65548027
2020-07-16,0.32852444,0.6714756
2020-07-17,0.31265184,0.6873482
2020-07-20,0.31279644,0.6872035
2020-07-21,0.2681825,0.73181754
2020-07-22,0.26868805,0.731312
2020-07-23,0.22446197,0.7755381
2020-07-24,0.22535995,0.77464
2020-07-27,0.18159825,0.81840175
2020-07-28,0.18284526,0.81715477
2020-07-29,0.13945943,0.86054057
2020-07-30,0.14105079,0.8589492
2020-07-31,0.098047435,0.90195256
2020-08-03,0.1000101,0.8999899
2020-08-04,0.057435602,0.94256437
2020-08-05,0.05974081,0.9402592
2020-08-06,0.017489165,0.9825108
2020-08-07,0.020097822,0.9799022
2020-08-10,0.0,1.0
2020-08-11,0.048245296,0.9517547
2020-08-12,0.0063563883,0.99364364
2020-08-13,0.05453652,0.9454635
2020-08-14,0.012638032,0.98736197
2020-08-17,0.015491873,0.98450816
2020-08-18,0.0,1.0
2020-08-19,0.04822728,0.9517727
2020-08-20,0.03732893,0.96267104
2020-08-21,0.070745915,0.92925406
2020-08-24,0.059619278,0.9403807
2020-08-25,0.09276119,0.9072388
2020-08-26,0.081460744,0.9185393
2020-08-27,0.11442503,0.88557494
2020-08-28,0.103087336,0.8969127
2020-08-31,0.13595751,0.8640425
2020-09-01,0.12452409,0.8754759
2020-09-02,0.17187111,0.82812893
2020-09-03,0.18040968,0.81959033
2020-09-04,0.1889186,0.8110814
2020-09-08,0.19738385,0.8026162
2020-09-09,0.20540945,0.79459053
2020-09-10,0.18623272,0.8137673
2020-09-11,0.21091788,0.78908217
2020-09-14,0.22071311,0.7792869
2020-09-15,0.23057738,0.76942265
2020-09-16,0.26823267,0.7317673
2020-09-17,0.30587533,0.69412464
2020-09-18,0.34344444,0.6565556
2020-09-21,0.3692406,0.63075936
2020-09-22,0.39507905,0.604921
2020-09-23,0.42090273,0.5790973
2020-09-24,0.44678012,0.5532199
2020-09-25,0.47266865,0.52733135
2020-09-28,0.49852884,0.50147116
2020-09-29,0.5099163,0.49008366
2020-09-30,0.5212812,0.47871882
2020-10-01,0.5326607,0.46733928
2020-10-02,0.54405034,0.45594966
2020-10-05,0.55537665,0.44462338
2020-10-06,0.56669164,0.43330836
2020-10-07,0.5779771,0.4220229
2020-10-08,0.5892377,0.41076228
2020-10-09,0.6004762,0.3995238
2020-10-12,0.61172,0.38827997
2020-10-13,0.62294215,0.37705788
2020-10-14,0.6341458,0.3658542
2020-10-15,0.6453336,0.35466638
2020-10-16,0.6564872,0.34351277
2020-10-19,0.66765285,0.33234712
2020-10-20,0.6787757,0.3212243
2020-10-21,0.6898879,0.3101121
2020-10-22,0.7009618,0.2990382
2020-10-23,0.71201444,0.2879856
2020-10-26,0.7231083,0.27689168
2020-10-27,0.73414433,0.26585564
2020-10-28,0.74514586,0.25485417
2020-10-29,0.756113,0.24388698
2020-10-30,0.7670817,0.23291829
2020-11-02,0.7781073,0.22189271
2020-11-03,0.7891209,0.21087906
2020-11-04,0.8001442,0.19985577
2020-11-05,0.7381684,0.2618316
2020-11-06,0.7922776,0.2077224
2020-11-09,0.80325836,0.19674164
2020-11-10,0.7414311,0.25856888
2020-11-11,0.79555947,0.20444056
2020-11-12,0.8065995,0.19340053
2020-11-13,0.74483347,0.25516656
2020-11-16,0.7988172,0.20118278
2020-11-17,0.73712647,0.26287353
2020-11-18,0.7910402,0.20895985
2020-11-19,0.80200875,0.19799122
2020-11-20,0.74038297,0.25961703
2020-11-23,0.79419994,0.20580004
2020-11-24,0.80510634,0.19489367
2020-11-25,0.7435087,0.2564913
2020-11-27,0.7972072,0.20279282
2020-11-30,0.73570824,0.26429182
2020-12-01,0.7893833,0.21061674
2020-12-02,0.80031085,0.19968918
2020-12-03,0.7389568,0.26104316
2020-12-04,0.7925898,0.20741022
2020-12-07,0.80347425,0.19652575
2020-12-08,0.7421486,0.25785142
2020-12-09,0.7956715,0.20432849
2020-12-10,0.8065736,0.1934264
2020-12-11,0.74536896,0.25463104
2020-12-14,0.79889375,0.20110627
2020-12-15,0.7378638,0.26213622
2020-12-16,0.79141206,0.20858794
2020-12-17,0.8023864,0.19761357
2020-12-18,0.7414595,0.25854054
2020-12-21,0.7949086,0.20509142
2020-12-22,0.8058193,0.1941807
2020-12-23,0.74487716,0.25512287
2020-12-24,0.79817075,0.20182924
2020-12-28,0.73736495,0.26263502
2020-12-29,0.7907171,0.20928289
2020-12-30,0.8016554,0.19834462
2020-12-31,0.7409872,0.2590128
2021-01-04,0.79428273,0.2057173
2021-01-05,0.8052334,0.1947666
2021-01-06,0.74463755,0.25536245
2021-01-07,0.79785097,0.20214906
2021-01-08,0.7373916,0.26260838
2021-01-11,0.7905553,0.2094447
2021-01-12,0.80141807,0.19858196
2021-01-13,0.7409245,0.2590755
2021-01-14,0.7938945,0.20610549
2021-01-15,0.8046795,0.19532046
2021-01-19,0.74426085,0.25573912
2021-01-20,0.7971661,0.20283389
2021-01-21,0.7368703,0.26312977
2021-01-22,0.7897366,0.2102634
2021-01-25,0.8004859,0.19951409
2021-01-26,0.74019027,0.2598098
2021-01-27,0.79291934,0.20708065
2021-01-28,0.8036246,0.19637543
2021-01-29,0.74341136,0.2565886
2021-02-01,0.79606736,0.20393261
2021-02-02,0.8067725,0.19322757
2021-02-03,0.7466421,0.25335786
2021-02-04,0.79922724,0.20077276
2021-02-05,0.7392121,0.26078787
2021-02-08,0.791768,0.20823199
2021-02-09,0.8024417,0.19755828
2021-02-10,0.74240273,0.25759727
2021-02-11,0.79475313,0.20524684
2021-02-12,0.8053514,0.19464865
2021-02-16,0.7454079,0.2545921
2021-02-17,0.7977134,0.20228662
2021-02-18,0.7379166,0.2620834
2021-02-19,0.7902578,0.20974217
2021-02-22,0.800929,0.19907098
2021-02-23,0.74128914,0.25871086
2021-02-24,0.79360914,0.20639087
2021-02-25,0.80432844,0.19567156
2021-02-26,0.74484116,0.25515884
2021-03-01,0.79714864,0.20285138
2021-03-02,0.73771954,0.26228046
2021-03-03,0.7899624,0.2100376
2021-03-04,0.8007511,0.19924891
2021-03-05,0.9068922,0.09310782
2021-03-08,0.8526703,0.1473297
2021-03-09,0.98304343,0.016956553
2021-03-10,0.9283167,0.07168331
2021-03-11,0.91527367,0.08472635
2021-03-12,0.9023179,0.09768213
2021-03-15,0.8894888,0.11051123
2021-03-16,0.8767428,0.12325724
2021-03-17,0.8641206,0.13587943
2021-03-18,0.99419916,0.0058008134
2021-03-19,0.9396434,0.060356632
2021-03-22,0.9266112,0.073388815
2021-03-23,0.9137081,0.086291954
2021-03-24,0.90090805,0.09909196
2021-03-25,0.8882643,0.11173567
2021-03-26,0.87568194,0.12431805
2021-03-29,0.8631968,0.13680324
2021-03-30,0.9928218,0.0071781576
2021-03-31,0.9385439,0.061456103
2021-04-01,0.9256476,0.07435238
2021-04-05,0.9128401,0.087159865
2021-04-06,0.90011984,0.09988013
2021-04-07,0.88746905,0.11253097
2021-04-08,0.87493813,0.12506188
2021-04-09,0.8625144,0.13748564
2021-04-12,0.9916071,0.008392886
2021-04-13,0.9375468,0.06245318
2021-04-14,0.92468506,0.07531497
2021-04-15,0.91882294,0.08117705
2021-04-16,0.91131073,0.08868925
2021-04-19,1.0,0.0
2021-04-20,0.9521835,0.047816515
2021-04-21,0.96300316,0.036996827
2021-04-22,0.9330663,0.06693367
2021-04-23,0.9724705,0.027529486
2021-04-26,0.94251275,0.05748722
2021-04-27,0.9533741,0.046625927
2021-04-28,1.0,0.0
2021-04-29,1.0,0.0
2021-04-30,1.0,0.0
2021-05-03,1.0,0.0
2021-05-04,1.0,0.0
2021-05-05,1.0,0.0
2021-05-06,1.0,0.0
2021-05-07,1.0,0.0
2021-05-10,1.0,0.0
2021-05-11,1.0,0.0
2021-05-12,1.0,0.0
2021-05-13,1.0,0.0
2021-05-14,1.0,0.0
2021-05-17,1.0,0.0
2021-05-18,1.0,0.0
2021-05-19,1.0,0.0
2021-05-20,1.0,0.0
2021-05-21,1.0,0.0
2021-05-24,1.0,0.0
2021-05-25,1.0,0.0
2021-05-26,1.0,0.0
2021-05-27,1.0,0.0
2021-05-28,1.0,0.0
2021-06-01,1.0,0.0
2021-06-02,1.0,0.0
2021-06-03,1.0,0.0
2021-06-04,1.0,0.0
2021-06-07,1.0,0.0
2021-06-08,1.0,0.0
2021-06-09,1.0,0.0
2021-06-10,1.0,0.0
2021-06-11,1.0,0.0
2021-06-14,1.0,0.0
2021-06-15,1.0,0.0
2021-06-16,1.0,0.0
2021-06-17,1.0,0.0
2021-06-18,1.0,0.0
2021-06-21,1.0,0.0
2021-06-22,1.0,0.0
2021-06-23,1.0,0.0
2021-06-24,1.0,0.0
2021-06-25,1.0,0.0
2021-06-28,1.0,0.0
2021-06-29,1.0,0.0
2021-06-30,1.0,0.0
2021-07-01,1.0,0.0
2021-07-02,1.0,0.0
2021-07-06,1.0,0.0
2021-07-07,1.0,0.0
2021-07-08,1.0,0.0
2021-07-09,1.0,0.0
2021-07-12,1.0,0.0
2021-07-13,1.0,0.0
2021-07-14,1.0,0.0
2021-07-15,1.0,0.0
2021-07-16,1.0,0.0
2021-07-19,1.0,0.0
2021-07-20,1.0,0.0
2021-07-21,1.0,0.0
2021-07-22,1.0,0.0
2021-07-23,1.0,0.0
2021-07-26,1.0,0.0
2021-07-27,1.0,0.0
2021-07-28,1.0,0.0
2021-07-29,1.0,0.0
2021-07-30,1.0,0.0
2021-08-02,1.0,0.0
2021-08-03,1.0,0.0
2021-08-04,1.0,0.0
2021-08-05,1.0,0.0
2021-08-06,1.0,0.0
2021-08-09,1.0,0.0
2021-08-10,1.0,0.0
2021-08-11,1.0,0.0
2021-08-12,1.0,0.0
2021-08-13,1.0,0.0
2021-08-16,1.0,0.0
2021-08-17,1.0,0.0
2021-08-18,0.99694073,0.003059253
2021-08-19,1.0,0.0
2021-08-20,0.9774318,0.022568226
2021-08-23,1.0,0.0
2021-08-24,0.9773985,0.022601511
2021-08-25,0.9938282,0.006171819
2021-08-26,0.9712107,0.0287893
2021-08-27,0.9876267,0.012373313
2021-08-30,0.96507716,0.034922857
2021-08-31,0.9814701,0.018529862
2021-09-01,0.958901,0.041099027
2021-09-02,1.0,0.0
2021-09-03,0.97737974,0.02262028
2021-09-07,0.99361193,0.006388087
2021-09-08,0.97100556,0.028994486
2021-09-09,0.98726636,0.012733612
2021-09-10,0.9647255,0.035274528
2021-09-13,0.98096746,0.01903255
2021-09-14,0.958459,0.04154099
2021-09-15,1.0,0.0
2021-09-16,0.97744334,0.02255666
2021-09-17,0.9935763,0.0064237025
2021-09-20,0.97101474,0.02898525
2021-09-21,0.98715377,0.012846265
2021-09-22,0.96461004,0.035389986
2021-09-23,0.9806835,0.019316502
2021-09-24,0.9581479,0.041852124
2021-09-27,1.0,0.0
2021-09-28,0.9417215,0.05827852
2021-09-29,1.0,0.0
2021-09-30,0.94182426,0.058175765
2021-10-01,0.9426261,0.057373866
2021-10-04,0.904982,0.09501802
2021-10-05,0.9161109,0.08388916
2021-10-06,0.88876164,0.11123838
2021-10-07,0.8999346,0.10006541
2021-10-08,0.8726853,0.12731466
2021-10-11,0.95282364,0.047176346
2021-10-12,0.92539036,0.074609645
2021-10-13,0.9363797,0.06362036
2021-10-14,0.90902203,0.090977974
2021-10-15,0.9200623,0.0799377
2021-10-18,0.89278376,0.10721621
2021-10-19,0.9038497,0.09615028
2021-10-20,0.8766459,0.123354085
2021-10-21,0.9564253,0.043574728
2021-10-22,0.92903066,0.07096939
2021-10-25,0.93993896,0.060061064
2021-10-26,0.9126439,0.0873561
2021-10-27,0.92360413,0.076395884
2021-10-28,0.8964051,0.103594884
2021-10-29,0.90739805,0.09260194
2021-11-01,0.8802601,0.11973986
2021-11-02,0.89128035,0.10871968
2021-11-03,0.86421156,0.13578841
2021-11-04,0.8752466,0.124753445
2021-11-05,0.84824264,0.15175733
2021-11-08,0.8593142,0.14068581
2021-11-09,0.832399,0.16760099
2021-11-10,0.84348947,0.15651053
2021-11-11,0.81664443,0.18335558
2021-11-12,0.82779884,0.17220117
2021-11-15,0.80102384,0.19897614
2021-11-16,0.8122343,0.18776575
2021-11-17,0.7855477,0.21445231
2021-11-18,0.79683894,0.20316106
2021-11-19,0.7703499,0.22965011
2021-11-22,0.78176147,0.2182385
2021-11-23,0.75541586,0.24458411
2021-11-24,0.76696104,0.23303893
2021-11-26,0.7407392,0.25926074
2021-11-29,0.8189753,0.18102469
2021-11-30,0.79251236,0.20748766
2021-12-01,0.8589805,0.1410195
2021-12-02,0.9070383,0.09296174
2021-12-03,0.9550477,0.044952244
2021-12-06,0.9280432,0.07195682
2021-12-07,1.0,0.0
2021-12-08,0.9698749,0.030125102
2021-12-09,0.97745454,0.022545515
2021-12-10,0.94752693,0.052473057
2021-12-13,0.9581979,0.041802093
2021-12-14,0.9313052,0.0686948
2021-12-15,0.9420326,0.057967436
2021-12-16,0.9152559,0.084744096
2021-12-17,1.0,0.0
2021-12-20,0.9700775,0.029922541
2021-12-21,0.97774076,0.022259291
2021-12-22,0.9479822,0.052017853
2021-12-23,0.95865,0.04135006
2021-12-27,0.9319084,0.06809154
2021-12-28,0.94264895,0.05735108
2021-12-29,0.916055,0.083944954
2021-12-30,1.0,0.0
2021-12-31,0.97022104,0.029778935
2022-01-03,0.97785795,0.022142027
2022-01-04,0.9482123,0.051787663
2022-01-05,0.9588492,0.041150782
2022-01-06,0.93229485,0.067705184
2022-01-07,0.9430723,0.056927662
2022-01-10,0.9166105,0.08338958
2022-01-11,1.0,0.0
2022-01-12,0.970359,0.029640954
2022-01-13,0.97798043,0.022019578
2022-01-14,0.94851613,0.051483862
2022-01-18,0.9591752,0.04082478
2022-01-19,1.0,0.0
2022-01-20,1.0,0.0
2022-01-21,1.0,0.0
2022-01-24,1.0,0.0
2022-01-25,1.0,0.0
2022-01-26,1.0,0.0
2022-01-27,1.0,0.0
2022-01-28,1.0,0.0
2022-01-31,1.0,0.0
2022-02-01,1.0,0.0
2022-02-02,1.0,0.0
2022-02-03,1.0,0.0
2022-02-04,1.0,0.0
2022-02-07,1.0,0.0
2022-02-08,1.0,0.0
2022-02-09,1.0,0.0
2022-02-10,1.0,0.0
2022-02-11,1.0,0.0
2022-02-14,1.0,0.0
2022-02-15,1.0,0.0
2022-02-16,1.0,0.0
2022-02-17,1.0,0.0
2022-02-18,1.0,0.0
2022-02-22,1.0,0.0
2022-02-23,1.0,0.0
2022-02-24,1.0,0.0
2022-02-25,1.0,0.0
2022-02-28,1.0,0.0
2022-03-01,1.0,0.0
2022-03-02,1.0,0.0
2022-03-03,1.0,0.0
2022-03-04,1.0,0.0
2022-03-07,1.0,0.0
2022-03-08,1.0,0.0
2022-03-09,1.0,0.0
2022-03-10,1.0,0.0
2022-03-11,1.0,0.0
2022-03-14,1.0,0.0
2022-03-15,1.0,0.0
2022-03-16,1.0,0.0
2022-03-17,1.0,0.0
2022-03-18,1.0,0.0
2022-03-21,1.0,0.0
2022-03-22,1.0,0.0
2022-03-23,1.0,0.0
2022-03-24,1.0,0.0
2022-03-25,1.0,0.0
2022-03-28,1.0,0.0
2022-03-29,1.0,0.0
2022-03-30,1.0,0.0
2022-03-31,1.0,0.0
2022-04-01,1.0,0.0
2022-04-04,1.0,0.0
2022-04-05,1.0,0.0
2022-04-06,1.0,0.0
2022-04-07,1.0,0.0
2022-04-08,1.0,0.0
2022-04-11,1.0,0.0
2022-04-12,1.0,0.0
2022-04-13,1.0,0.0
2022-04-14,1.0,0.0
2022-04-18,1.0,0.0
2022-04-19,1.0,0.0
2022-04-20,1.0,0.0
2022-04-21,1.0,0.0
2022-04-22,1.0,0.0
2022-04-25,1.0,0.0
2022-04-26,1.0,0.0
2022-04-27,1.0,0.0
2022-04-28,1.0,0.0
2022-04-29,1.0,0.0
2022-05-02,1.0,0.0
2022-05-03,1.0,0.0
2022-05-04,1.0,0.0
2022-05-05,1.0,0.0
2022-05-06,1.0,0.0
2022-05-09,1.0,0.0
2022-05-10,1.0,0.0
2022-05-11,1.0,0.0
2022-05-12,1.0,0.0
2022-05-13,1.0,0.0
2022-05-16,1.0,0.0
2022-05-17,1.0,0.0
2022-05-18,1.0,0.0
2022-05-19,1.0,0.0
2022-05-20,1.0,0.0
2022-05-23,1.0,0.0
2022-05-24,1.0,0.0
2022-05-25,1.0,0.0
2022-05-26,1.0,0.0
2022-05-27,1.0,0.0
2022-05-31,1.0,0.0
2022-06-01,1.0,0.0
2022-06-02,1.0,0.0
2022-06-03,1.0,0.0
2022-06-06,1.0,0.0
2022-06-07,1.0,0.0
2022-06-08,1.0,0.0
2022-06-09,1.0,0.0
2022-06-10,1.0,0.0
2022-06-13,1.0,0.0
2022-06-14,1.0,0.0
2022-06-15,1.0,0.0
2022-06-16,1.0,0.0
2022-06-17,1.0,0.0
2022-06-21,1.0,0.0
2022-06-22,1.0,0.0
2022-06-23,1.0,0.0
2022-06-24,1.0,0.0
2022-06-27,1.0,0.0
2022-06-28,1.0,0.0
2022-06-29,1.0,0.0
2022-06-30,1.0,0.0
2022-07-01,1.0,0.0
2022-07-05,1.0,0.0
2022-07-06,1.0,0.0
2022-07-07,1.0,0.0
2022-07-08,1.0,0.0
2022-07-11,1.0,0.0
2022-07-12,1.0,0.0
2022-07-13,1.0,0.0
2022-07-14,1.0,0.0
2022-07-15,1.0,0.0
2022-07-18,1.0,0.0
2022-07-19,1.0,0.0
2022-07-20,1.0,0.0
2022-07-21,1.0,0.0
2022-07-22,1.0,0.0
2022-07-25,1.0,0.0
2022-07-26,1.0,0.0
2022-07-27,1.0,0.0
2022-07-28,1.0,0.0
2022-07-29,1.0,0.0
2022-08-01,1.0,0.0
2022-08-02,1.0,0.0
2022-08-03,1.0,0.0
2022-08-04,1.0,0.0
2022-08-05,1.0,0.0
2022-08-08,1.0,0.0
2022-08-09,1.0,0.0
2022-08-10,1.0,0.0
2022-08-11,1.0,0.0
2022-08-12,1.0,0.0
2022-08-15,1.0,0.0
2022-08-16,1.0,0.0
2022-08-17,1.0,0.0
2022-08-18,1.0,0.0
2022-08-19,1.0,0.0
2022-08-22,1.0,0.0
2022-08-23,1.0,0.0
2022-08-24,1.0,0.0
2022-08-25,1.0,0.0
2022-08-26,1.0,0.0
2022-08-29,1.0,0.0
2022-08-30,1.0,0.0
2022-08-31,1.0,0.0
2022-09-01,1.0,0.0
2022-09-02,1.0,0.0
2022-09-06,1.0,0.0
2022-09-07,1.0,0.0
2022-09-08,1.0,0.0
2022-09-09,1.0,0.0
2022-09-12,1.0,0.0
2022-09-13,1.0,0.0
2022-09-14,1.0,0.0
2022-09-15,1.0,0.0
2022-09-16,1.0,0.0
2022-09-19,1.0,0.0
2022-09-20,1.0,0.0
2022-09-21,1.0,0.0
2022-09-22,1.0,0.0
2022-09-23,1.0,0.0
2022-09-26,1.0,0.0
2022-09-27,1.0,0.0
2022-09-28,0.86657387,0.13342613
2022-09-29,0.9568696,0.043130398
2022-09-30,1.0,0.0
2022-10-03,0.82285154,0.17714849
2022-10-04,0.904723,0.09527704
2022-10-05,0.93128836,0.06871161
2022-10-06,0.93810666,0.061893374
2022-10-07,0.94469935,0.055300683
2022-10-10,0.94384485,0.056155145
2022-10-11,0.9925232,0.0074768364
2022-10-12,0.77968204,0.22031796
2022-10-13,0.8326823,0.16731769
2022-10-14,0.85050774,0.14949223
2022-10-17,0.86782944,0.1321706
2022-10-18,0.8846623,0.1153377
2022-10-19,0.8844131,0.11558691
2022-10-20,0.906151,0.09384897
2022-10-21,0.90514636,0.094853625
2023-01-17,0.9378331,0.06216696
2023-01-18,0.82247967,0.17752036
2023-01-19,0.85737216,0.14262782
2023-01-20,0.8576954,0.1423046
2023-01-23,0.85801554,0.14198449
2023-01-24,0.8583231,0.14167687
2023-01-25,0.8586329,0.14136706
2023-01-26,0.8589335,0.14106649
2023-01-27,0.7438253,0.25617468
2023-01-30,0.7789308,0.22106925
2023-01-31,0.7803174,0.21968257
2023-02-01,0.7815498,0.2184502
2023-02-02,0.78277045,0.21722957
2023-02-03,0.7838932,0.2161068
2023-02-06,0.78501534,0.21498464
2023-02-07,0.78611743,0.21388258
2023-02-08,0.7871746,0.2128254
2023-02-09,0.7882276,0.21177238
2023-02-10,0.7892706,0.21072945
2023-02-13,0.7903252,0.2096748
2023-02-14,0.79137003,0.20862997
2023-02-15,0.79240394,0.20759605
2023-02-16,0.7933802,0.20661983
2023-02-17,0.79436606,0.20563394
2023-02-21,0.7953515,0.20464852
2023-02-22,0.79630667,0.20369335
2023-02-23,0.7972467,0.20275328
2023-02-24,0.7981677,0.20183232
2023-02-27,0.77957344,0.22042656
2023-02-28,0.7942473,0.20575267
2023-03-01,0.77563465,0.22436532
2023-03-02,0.79026866,0.20973131
2023-03-03,0.7717081,0.22829191
2023-03-06,0.78634983,0.2136502
2023-03-07,0.767906,0.23209402
2023-03-08,0.7826493,0.21735077
2023-03-09,0.76423264,0.2357674
2023-03-10,0.77900183,0.22099823
2023-03-13,0.760652,0.23934802
2023-03-14,0.77557033,0.22442968
2023-03-15,0.7573741,0.24262589
2023-03-16,0.77226853,0.22773145
2023-03-17,0.75411904,0.24588093
2023-03-20,0.76903313,0.23096684
2023-03-21,0.7508801,0.24911985
2023-03-22,0.7657311,0.23426887
2023-03-23,0.7475539,0.25244612
2023-03-24,0.7623962,0.23760381
2023-03-27,0.74425375,0.25574628
2023-03-28,0.7591025,0.24089745
2023-03-29,0.74102104,0.258979
2023-03-30,0.7558977,0.2441023
2023-03-31,0.7378627,0.26213732
2023-04-03,0.7527247,0.2472753
2023-04-04,0.7347311,0.26526895
2023-04-05,0.7496232,0.25037682
2023-04-06,0.73167634,0.26832366
2023-04-10,0.7465861,0.2534139
2023-04-11,0.7286948,0.2713052
2023-04-12,0.7436077,0.2563923
2023-04-13,0.72575253,0.27424747
2023-04-14,0.7406939,0.25930607
2023-04-17,0.7228524,0.2771476
2023-04-18,0.73776966,0.2622303
2023-04-19,0.71998584,0.28001416
2023-04-20,0.7349126,0.2650874
2023-04-21,0.71716136,0.28283867
2023-04-24,0.7320986,0.26790142
2023-04-25,0.7143848,0.2856152
2023-04-26,0.7293822,0.2706178
2023-04-27,0.7117832,0.28821683
2023-04-28,0.72681034,0.2731897
2023-05-01,0.7092742,0.29072583
2023-05-02,0.72431254,0.27568752
2023-05-03,0.706786,0.29321402
2023-05-04,0.72181654,0.27818346
2023-05-05,0.7043365,0.29566348
2023-05-08,0.71937335,0.2806267
2023-05-09,0.70191216,0.29808787
2023-05-10,0.7169242,0.28307578
2023-05-11,0.69946915,0.30053082
2023-05-12,0.7144726,0.28552744
2023-05-15,0.6970461,0.30295387
2023-05-16,0.71206236,0.28793764
2023-05-17,0.6946817,0.30531827
2023-05-18,0.70970225,0.29029778
2023-05-19,0.69237065,0.30762932
2023-05-22,0.70734966,0.29265037
2023-05-23,0.6900116,0.3099884
2023-05-24,0.7050055,0.29499447
2023-05-25,0.68772304,0.31227693
2023-05-26,0.7027277,0.29727232
2023-05-30,0.68549716,0.31450287
2023-05-31,0.7005354,0.29946464
2023-06-01,0.68333423,0.31666577
2023-06-02,0.69834626,0.30165374
2023-06-05,0.68117774,0.31882226
2023-06-06,0.7777754,0.22222462
2023-06-07,0.7738269,0.22617312
2023-06-08,0.87089175,0.12910828
2023-06-09,0.8646048,0.13539523
2023-06-12,0.890362,0.10963795
2023-06-13,0.8766678,0.12333219
2023-06-14,0.97412264,0.025877342
2023-06-15,0.80059093,0.19940907
2023-06-16,0.8974781,0.10252194
2023-06-20,0.9629903,0.037009746
2023-06-21,0.7895141,0.2104859
2023-06-22,0.88621163,0.11378837
2023-06-23,0.9515681,0.048431844
2023-06-26,0.77808535,0.22191462
2023-06-27,0.8745585,0.12544146
2023-06-28,0.93972296,0.06027703
2023-06-29,1.0,0.0
2023-06-30,0.82789916,0.17210084
2023-07-03,0.92450005,0.07549994
2023-07-05,0.9898476,0.01015237
2023-07-06,0.8177713,0.1822287
2023-07-07,0.91413605,0.08586393
2023-07-10,0.9793263,0.020673662
2023-07-11,0.8072834,0.19271657
2023-07-12,0.90346396,0.096536025
2023-07-13,0.96847194,0.03152804
2023-07-14,0.79648054,0.20351948
2023-07-17,0.892523,0.107477024
2023-07-18,0.9573946,0.042605445
2023-07-19,0.7854213,0.21457875
2023-07-20,0.88121104,0.11878893
2023-07-21,0.94592834,0.054071665
2023-07-24,1.0,0.0
2023-07-25,0.8292653,0.1707347
2023-07-26,0.92508876,0.07491128
2023-07-27,0.98991156,0.010088429
2023-07-28,0.8192263,0.18077368
2023-07-31,0.9148612,0.0851388
2023-08-01,0.9795134,0.020486578
2023-08-02,0.8088349,0.19116509
2023-08-03,0.90425336,0.095746666
2023-08-04,0.9687487,0.03125134
2023-08-07,0.8079799,0.19202012
2023-08-08,0.9032626,0.096737415
2023-08-09,0.967681,0.032318994
2023-08-10,0.8243757,0.17562434
2023-08-11,0.91962594,0.08037406
2023-08-14,0.9840654,0.015934572
2023-08-15,0.84102553,0.15897451
2023-08-16,0.9362608,0.063739195
2023-08-17,1.0,0.0
2023-08-18,0.8520424,0.14795765
2023-08-21,0.94721955,0.05278042
2023-08-22,1.0,0.0
2023-08-23,1.0,0.0
2023-08-24,1.0,0.0
2023-08-25,1.0,0.0
2023-08-28,1.0,0.0
2023-08-29,1.0,0.0
2023-08-30,1.0,0.0
2023-08-31,1.0,0.0
2023-09-01,1.0,0.0
2023-09-05,1.0,0.0
2023-09-06,1.0,0.0
2023-09-07,1.0,0.0
2023-09-08,1.0,0.0
2023-09-11,1.0,0.0
2023-09-12,1.0,0.0
2023-09-13,1.0,0.0
2023-09-14,1.0,0.0
2023-09-15,1.0,0.0
2023-09-18,1.0,0.0
2023-09-19,1.0,0.0
2023-09-20,1.0,0.0
2023-09-21,1.0,0.0
2023-09-22,1.0,0.0
2023-09-25,1.0,0.0
2023-09-26,1.0,0.0
2023-09-27,1.0,0.0
2023-09-28,1.0,0.0
2023-09-29,1.0,0.0
2023-10-02,1.0,0.0
2023-10-03,1.0,0.0
2023-10-04,1.0,0.0
2023-10-05,1.0,0.0
2023-10-06,1.0,0.0
2023-10-09,1.0,0.0
2023-10-10,1.0,0.0
2023-10-11,1.0,0.0
2023-10-12,1.0,0.0
2023-10-13,1.0,0.0
2023-10-16,1.0,0.0
2023-10-17,1.0,0.0
2023-10-18,1.0,0.0
2023-10-19,1.0,0.0
2023-10-20,1.0,0.0
2023-10-23,1.0,0.0
2023-10-24,1.0,0.0
2023-10-25,1.0,0.0
2023-10-26,1.0,0.0
2023-10-27,1.0,0.0
2023-10-30,1.0,0.0
2023-10-31,1.0,0.0
2023-11-01,1.0,0.0
2023-11-02,1.0,0.0
2023-11-03,1.0,0.0
2023-11-06,1.0,0.0
2023-11-07,1.0,0.0
2023-11-08,1.0,0.0
2023-11-09,1.0,0.0
2023-11-10,1.0,0.0
2023-11-13,1.0,0.0
2023-11-14,1.0,0.0
2023-11-15,1.0,0.0
2023-11-16,1.0,0.0
2023-11-17,1.0,0.0
2023-11-20,1.0,0.0
2023-11-21,1.0,0.0
2023-11-22,1.0,0.0
2023-11-24,1.0,0.0
2023-11-27,1.0,0.0
2023-11-28,1.0,0.0
2023-11-29,1.0,0.0
2023-11-30,1.0,0.0
2023-12-01,1.0,0.0
2023-12-04,1.0,0.0
2023-12-05,1.0,0.0
2023-12-06,1.0,0.0
2023-12-07,1.0,0.0
2023-12-08,1.0,0.0
2023-12-11,1.0,0.0
2023-12-12,1.0,0.0
2023-12-13,1.0,0.0
2023-12-14,1.0,0.0
2023-12-15,1.0,0.0
2023-12-18,1.0,0.0
2023-12-19,1.0,0.0
2023-12-20,1.0,0.0
2023-12-21,1.0,0.0
2023-12-22,1.0,0.0
2023-12-26,1.0,0.0
2023-12-27,1.0,0.0
2023-12-28,1.0,0.0
2023-12-29,1.0,0.0
2024-01-02,1.0,0.0
2024-01-03,1.0,0.0
2024-01-04,1.0,0.0
2024-01-05,1.0,0.0
2024-01-08,1.0,0.0
2024-01-09,1.0,0.0
2024-01-10,1.0,0.0
2024-01-11,1.0,0.0
2024-01-12,1.0,0.0
2024-01-16,1.0,0.0
2024-01-17,1.0,0.0
2024-01-18,1.0,0.0
2024-01-19,1.0,0.0
2024-01-22,1.0,0.0
2024-01-23,1.0,0.0
2024-01-24,1.0,0.0
2024-01-25,1.0,0.0
2024-01-26,1.0,0.0
2024-01-29,1.0,0.0
2024-01-30,1.0,0.0
2024-01-31,1.0,0.0
2024-02-01,1.0,0.0
2024-02-02,1.0,0.0
2024-02-05,1.0,0.0
2024-02-06,1.0,0.0
2024-02-07,1.0,0.0
2024-02-08,1.0,0.0
2024-02-09,1.0,0.0
2024-02-12,1.0,0.0
2024-02-13,1.0,0.0
2024-02-14,1.0,0.0
2024-02-15,1.0,0.0
2024-02-16,1.0,0.0
2024-02-20,1.0,0.0
2024-02-21,1.0,0.0
2024-02-22,1.0,0.0
2024-02-23,1.0,0.0
2024-02-26,1.0,0.0
2024-02-27,1.0,0.0
2024-02-28,1.0,0.0
2024-02-29,1.0,0.0
2024-03-01,1.0,0.0
2024-03-04,1.0,0.0
2024-03-05,1.0,0.0
2024-03-06,1.0,0.0
2024-03-07,1.0,0.0
2024-03-08,1.0,0.0
2024-03-11,1.0,0.0
2024-03-12,1.0,0.0
2024-03-13,1.0,0.0
2024-03-14,1.0,0.0
2024-03-15,1.0,0.0
2024-03-18,1.0,0.0
2024-03-19,1.0,0.0
2024-03-20,1.0,0.0
2024-03-21,0.9957647,0.004235342
2024-03-22,1.0,0.0
2024-03-25,0.98786885,0.012131174
2024-03-26,1.0,0.0
2024-03-27,0.9878993,0.012100685
2024-03-28,1.0,0.0
2024-04-01,0.98791474,0.012085264
2024-04-02,1.0,0.0
2024-04-03,0.9879263,0.012073704
2024-04-04,1.0,0.0
2024-04-05,0.9879295,0.012070507
2024-04-08,1.0,0.0
2024-04-09,0.98792577,0.012074251
2024-04-10,1.0,0.0
2024-04-11,0.987951,0.012049045
2024-04-12,1.0,0.0
2024-04-15,0.97425014,0.02574988
2024-04-16,0.9804325,0.019567527
2024-04-17,0.95780444,0.042195573
2024-04-18,0.96413803,0.035861988
2024-04-19,0.9895985,0.010401458
2024-04-22,1.0,0.0
2024-04-23,1.0,0.0
2024-04-24,1.0,0.0
2024-04-25,1.0,0.0
2024-04-26,1.0,0.0
2024-04-29,1.0,0.0
2024-04-30,1.0,0.0
2024-05-01,1.0,0.0
2024-05-02,1.0,0.0
2024-05-03,1.0,0.0
2024-05-06,1.0,0.0
2024-05-07,1.0,0.0
2024-05-08,1.0,0.0
2024-05-09,1.0,0.0
2024-05-10,1.0,0.0
2024-05-13,1.0,0.0
2024-05-14,1.0,0.0
2024-05-15,1.0,0.0
2024-05-16,1.0,0.0
2024-05-17,1.0,0.0
2024-05-20,1.0,0.0
2024-05-21,1.0,0.0
2024-05-22,1.0,0.0
2024-05-23,1.0,0.0
2024-05-24,1.0,0.0
2024-05-28,1.0,0.0
2024-05-29,1.0,0.0
2024-05-30,1.0,0.0
2024-05-31,1.0,0.0
2024-06-03,1.0,0.0
2024-06-04,1.0,0.0
2024-06-05,1.0,0.0
2024-06-06,1.0,0.0
2024-06-07,1.0,0.0
2024-06-10,1.0,0.0
2024-06-11,1.0,0.0
2024-06-12,1.0,0.0
2024-06-13,1.0,0.0
2024-06-14,1.0,0.0
2024-06-17,1.0,0.0
2024-06-18,1.0,0.0
2024-06-20,1.0,0.0
2024-06-21,1.0,0.0
2024-06-24,1.0,0.0
2024-06-25,1.0,0.0
2024-06-26,1.0,0.0
2024-06-27,1.0,0.0
2024-06-28,1.0,0.0
2024-07-01,1.0,0.0
2024-07-02,1.0,0.0
2024-07-03,1.0,0.0
2024-07-05,1.0,0.0
2024-07-08,1.0,0.0
2024-07-09,1.0,0.0
2024-07-10,1.0,0.0
2024-07-11,1.0,0.0
2024-07-12,1.0,0.0
2024-07-15,1.0,0.0
2024-07-16,1.0,0.0
2024-07-17,1.0,0.0
2024-07-18,1.0,0.0
2024-07-19,1.0,0.0
2024-07-22,1.0,0.0
2024-07-23,1.0,0.0
2024-07-24,1.0,0.0
2024-07-25,1.0,0.0
2024-07-26,1.0,0.0
2024-07-29,1.0,0.0
2024-07-30,1.0,0.0
2024-07-31,1.0,0.0
2024-08-01,1.0,0.0
2024-08-02,1.0,0.0
2024-08-05,1.0,0.0
2024-08-06,1.0,0.0
2024-08-07,1.0,0.0
2024-08-08,1.0,0.0
2024-08-09,1.0,0.0
2024-08-12,1.0,0.0
2024-08-13,1.0,0.0
2024-08-14,1.0,0.0
2024-08-15,1.0,0.0
2024-08-16,1.0,0.0
2024-08-19,1.0,0.0
2024-08-20,1.0,0.0
2024-08-21,1.0,0.0
2024-08-22,1.0,0.0
2024-08-23,1.0,0.0
2024-08-26,1.0,0.0
2024-08-27,1.0,0.0
2024-08-28,1.0,0.0
2024-08-29,1.0,0.0
2024-08-30,1.0,0.0
2024-09-03,1.0,0.0
2024-09-04,1.0,0.0
2024-09-05,1.0,0.0
2024-09-06,1.0,0.0
2024-09-09,1.0,0.0
2024-09-10,1.0,0.0
2024-09-11,1.0,0.0
2024-09-12,1.0,0.0
2024-09-13,1.0,0.0
2024-09-16,1.0,0.0
2024-09-17,1.0,0.0
2024-09-18,1.0,0.0
2024-09-19,1.0,0.0
2024-09-20,1.0,0.0
2024-09-23,1.0,0.0
2024-09-24,1.0,0.0
2024-09-25,1.0,0.0
2024-09-26,1.0,0.0
2024-09-27,1.0,0.0
2024-09-30,1.0,0.0
2024-10-01,1.0,0.0
2024-10-02,1.0,0.0
2024-10-03,1.0,0.0
2024-10-04,1.0,0.0
2024-10-07,1.0,0.0
2024-10-08,1.0,0.0
2024-10-09,1.0,0.0
2024-10-10,1.0,0.0
2024-10-11,1.0,0.0
2024-10-14,1.0,0.0
2024-10-15,1.0,0.0
2024-10-16,1.0,0.0
2024-10-17,1.0,0.0
2024-10-18,1.0,0.0
2024-10-21,1.0,0.0
2024-10-22,1.0,0.0
2024-10-23,1.0,0.0
2024-10-24,1.0,0.0
2024-10-25,1.0,0.0
2024-10-28,1.0,0.0
2024-10-29,1.0,0.0
2024-10-30,1.0,0.0
2024-10-31,1.0,0.0
2024-11-01,1.0,0.0
2024-11-04,1.0,0.0
2024-11-05,1.0,0.0
2024-11-06,1.0,0.0
2024-11-07,1.0,0.0
2024-11-08,1.0,0.0
2024-11-11,1.0,0.0
2024-11-12,1.0,0.0
2024-11-13,1.0,0.0
2024-11-14,1.0,0.0
2024-11-15,1.0,0.0
2024-11-18,1.0,0.0
2024-11-19,1.0,0.0
2024-11-20,1.0,0.0
2024-11-21,1.0,0.0
2024-11-22,1.0,0.0
2024-11-25,1.0,0.0
2024-11-26,1.0,0.0
2024-11-27,1.0,0.0
2024-11-29,1.0,0.0
2024-12-02,1.0,0.0
2024-12-03,1.0,0.0
2024-12-04,1.0,0.0
2024-12-05,1.0,0.0
2024-12-06,1.0,0.0
2024-12-09,1.0,0.0
2024-12-10,1.0,0.0
2024-12-11,1.0,0.0
2024-12-12,1.0,0.0
2024-12-13,1.0,0.0
2024-12-16,1.0,0.0
2024-12-17,1.0,0.0
2024-12-18,1.0,0.0
2024-12-19,1.0,0.0
2024-12-20,1.0,0.0
2024-12-23,1.0,0.0
2024-12-24,1.0,0.0
2024-12-26,1.0,0.0
2024-12-27,1.0,0.0
2024-12-30,1.0,0.0
2024-12-31,1.0,0.0
2025-01-02,1.0,0.0
2025-01-03,1.0,0.0
2025-01-06,1.0,0.0
2025-01-07,1.0,0.0
2025-01-08,1.0,0.0
2025-01-10,1.0,0.0
2025-01-13,1.0,0.0
2025-01-14,1.0,0.0
